login;password;"titre du projet";"acronyme du projet";activité;qualité
;;;;;
rVPKvitBxT;YjWOBZzV;"Titre projet 2";acronyme;Nom;NC
CdaTgGkUoI;cHgsFLOh;"Titre projet 2";acronyme;Nom;NC
MHLUQFjzPp;LQ4yCtRZ;"Titre projet 2";acronyme;Nom;NC
xOJymwLcNb;Bq5hQFTn;"Titre projet 2";acronyme;Nom;NC
XHMtNdJvEU;CikfmZvA;"Titre projet 2";acronyme;Nom;NC
WexfJRLSvi;HzkdJUGO;"Titre projet 2";acronyme;Nom;NC
QZKItpzySA;IakUxDmJ;"Titre projet 2";acronyme;Nom;NC
wqVeEmxGoX;7QjlTkaL;"Titre projet 2";acronyme;Nom;NC
eUkDOLxWCS;gGSLAqHP;"Titre projet 2";acronyme;Nom;NC
LmwCkKliQr;SsdPGoAv;"Titre projet 2";acronyme;Nom;NC
syRFdEqTel;umBSrWtw;"Titre projet 2";acronyme;Nom;NC
TwDIjaNvRx;7IMzAx3G;"Titre projet 2";acronyme;Nom;NC
gAckNfWznp;2huZQUck;"Titre projet 2";acronyme;Nom;NC
dRNZrTqQjE;uyBD0tAQ;"Titre projet 2";acronyme;Nom;NC
egWRGDfCdo;mF6VATpu;"Titre projet 2";acronyme;Nom;NC
JDqrKGPZzo;nqeSGyd6;"Titre projet 2";acronyme;Nom;NC
LSEDjfbwzX;GXI3eKEs;"Titre projet 2";acronyme;Nom;NC
SHWKFLZPru;wKMmY8sb;"Titre projet 2";acronyme;Nom;NC
kSgQcCEysd;1jMd9vki;"Titre projet 2";acronyme;Nom;NC
YuwjVSqCNg;nZVxjD6I;"Titre projet 2";acronyme;Nom;NC
yCMZJfzxWd;CmsQhUeR;"Titre projet 2";acronyme;Nom;NC
CwzuNOGVsd;nRkMxc3a;"Titre projet 2";acronyme;Nom;NC
eYFBZxgXrU;KSv3TVHq;"Titre projet 2";acronyme;Nom;NC
xJVeKBowCa;0SUaMhTo;"Titre projet 2";acronyme;Nom;NC
edBFLvblzD;kxzF1Cy3;"Titre projet 2";acronyme;Nom;NC
QZSpCbTrnc;mZq0U3sf;"Titre projet 2";acronyme;Nom;NC
yklIzdeQSD;X015Bnc3;"Titre projet 2";acronyme;Nom;NC
fwGFXiMVxn;TCzjZlbP;"Titre projet 2";acronyme;Nom;NC
DwdksQxoiA;ZXl2Erh5;"Titre projet 2";acronyme;Nom;NC
vqeLBzGVtr;pIfPAhRy;"Titre projet 2";acronyme;Nom;NC
yveTUYlCuV;r6QKhzn5;"Titre projet 2";acronyme;Nom;NC
OneyugbcdB;LMPFGNnB;"Titre projet 2";acronyme;Nom;NC
rSLBhlvGpn;9HWRY43w;"Titre projet 2";acronyme;Nom;NC
RBQtEhfzSe;SG9syKvW;"Titre projet 2";acronyme;Nom;NC
rJFyMBYqCi;HRlMgi3W;"Titre projet 2";acronyme;Nom;NC
YZMFfbqOnI;RZWid1Ye;"Titre projet 2";acronyme;Nom;NC
xIArRCdTLb;RJv0AshX;"Titre projet 2";acronyme;Nom;NC
GYiMfDzstQ;vd0A9SWj;"Titre projet 2";acronyme;Nom;NC
ZmAnFDwTlb;xENhKuda;"Titre projet 2";acronyme;Nom;NC
OeLDuaWjEV;kh9P4lvi;"Titre projet 2";acronyme;Nom;NC
wEUOcrHZfM;aESKLVP0;"Titre projet 2";acronyme;Nom;NC
OJacZKfpnP;WxpElQjK;"Titre projet 2";acronyme;Nom;NC
gmqiRTWodV;ngoYrDzK;"Titre projet 2";acronyme;Nom;NC
FdPCNouMXU;50BVhJob;"Titre projet 2";acronyme;Nom;NC
kbUsjMSENG;ydn0BGzt;"Titre projet 2";acronyme;Nom;NC
hqSTWDbLrI;eUh7qlmS;"Titre projet 2";acronyme;Nom;NC
WJGsBTlYDH;pYNXSd1o;"Titre projet 2";acronyme;Nom;NC
tbUJdjcAsr;B5Wnhku8;"Titre projet 2";acronyme;Nom;NC
zUgHyfbPcO;GJDUIeXt;"Titre projet 2";acronyme;Nom;NC
KuBlnpYEjg;UNYvQ0FG;"Titre projet 2";acronyme;Nom;NC
YyfUunCqVj;Jbt0zAnj;"Titre projet 2";acronyme;Nom;NC
hIFXAUBlSO;7Ut2iV16;"Titre projet 2";acronyme;Nom;NC
qXxOQYhVEc;Xuhgjbm8;"Titre projet 2";acronyme;Nom;NC
EqIdODyNBr;704s2zqo;"Titre projet 2";acronyme;Nom;NC
CtjsqwfgYF;9mYcyPTH;"Titre projet 2";acronyme;Nom;NC
RzytTUaAsQ;nh1zypBG;"Titre projet 2";acronyme;Nom;NC
sreKupxykA;2BoPCart;"Titre projet 2";acronyme;Nom;NC
xmjDPgwFhv;ATe26CfF;"Titre projet 2";acronyme;Nom;NC
ASewXcTJml;j82rziRm;"Titre projet 2";acronyme;Nom;NC
VUWOjxrDHY;Qjl8FG6t;"Titre projet 2";acronyme;Nom;NC
jizaCxTunS;6EZA0Gzm;"Titre projet 2";acronyme;Nom;NC
tXlQxspdYi;e6RWpjho;"Titre projet 2";acronyme;Nom;NC
DsAdFprQyL;XGhLDqFV;"Titre projet 2";acronyme;Nom;NC
JyoeVjnOCz;ygW8QFZx;"Titre projet 2";acronyme;Nom;NC
MiAjEbWZwI;IaL8JRMq;"Titre projet 2";acronyme;Nom;NC
RbhJYdOrUL;xKyam3vT;"Titre projet 2";acronyme;Nom;NC
wImxzvNTAC;ToGrkqR8;"Titre projet 2";acronyme;Nom;NC
uneTqVsEjH;gn6ayCQD;"Titre projet 2";acronyme;Nom;NC
JHdukhqEYB;wUc4xTSj;"Titre projet 2";acronyme;Nom;NC
SkBwiDXQYZ;FGsSL45z;"Titre projet 2";acronyme;Nom;NC
wZYrNFxRJE;6aJukPKB;"Titre projet 2";acronyme;Nom;NC
UcDHVzsEYg;dQ6g8LuF;"Titre projet 2";acronyme;Nom;NC
vGAHwEVnaR;QIul7exP;"Titre projet 2";acronyme;Nom;NC
FTLOoQflYb;BwRW7IgQ;"Titre projet 2";acronyme;Nom;NC
RaeKCdUjhz;oefwJHz7;"Titre projet 2";acronyme;Nom;NC
rHbqPQVmZw;eMnBGdCH;"Titre projet 2";acronyme;Nom;NC
nrLoAdFlST;hG3vl2zw;"Titre projet 2";acronyme;Nom;NC
cFEfODtelC;S4LmQDOX;"Titre projet 2";acronyme;Nom;NC
TgthsnrDqu;bywXeo5R;"Titre projet 2";acronyme;Nom;NC
gGTyQDFSYt;nATlJH2V;"Titre projet 2";acronyme;Nom;NC
pebJlBIwEz;ejSqwsNy;"Titre projet 2";acronyme;Nom;NC
RbapgGdmyN;dflb1VJM;"Titre projet 2";acronyme;Nom;NC
wWgQSkEmCj;Pne4BsNQ;"Titre projet 2";acronyme;Nom;NC
PhpeMDLXzN;HypueSlh;"Titre projet 2";acronyme;Nom;NC
XkMKWPnhyp;yV0XWq7I;"Titre projet 2";acronyme;Nom;NC
aNOqMUAtQY;LDgd1Unk;"Titre projet 2";acronyme;Nom;NC
LNgVvrslaI;lkeVFX7d;"Titre projet 2";acronyme;Nom;NC
JOtwVrdPhb;vWfklCja;"Titre projet 2";acronyme;Nom;NC
MpVyIXGoYe;w12jumTW;"Titre projet 2";acronyme;Nom;NC
rCNAGsBmLH;TF3eMcYP;"Titre projet 2";acronyme;Nom;NC
mOeEbDYkWc;LAr63NkX;"Titre projet 2";acronyme;Nom;NC
PCxwIcByEh;aOX50TEB;"Titre projet 2";acronyme;Nom;NC
rIiAEmPhlT;xWEzFivP;"Titre projet 2";acronyme;Nom;NC
TKjWpQhSBP;ro8kQEDx;"Titre projet 2";acronyme;Nom;NC
JrXYWofHDd;j7RZsp8K;"Titre projet 2";acronyme;Nom;NC
LSbTRPCWqw;PTmE720j;"Titre projet 2";acronyme;Nom;NC
dgUHmcLjyu;p8Bft74P;"Titre projet 2";acronyme;Nom;NC
dDJQOPFHUS;JxDNAYVl;"Titre projet 2";acronyme;Nom;NC
LexFqVsAOc;jlK5OWVv;"Titre projet 2";acronyme;Nom;NC
GiDNYwkZQC;ef9ji4xm;"Titre projet 2";acronyme;Nom;NC
